Workbook

Sheet cards_master
A1: ID | B1: deck | C1: question | D1: answer | E1: distractor 1 | F1: distractor 2 | G1: distractor 3
A2: cos_rad_01 | B2: trig values sin cos radians | C2: \cos(0) | D2: $1$ | E2: $0$ | F2: $-1$ | G2: $\frac{1}{2}$
A3: cos_rad_02 | B3: trig values sin cos radians | C3: \cos\left(\frac{\pi}{6}\right) | D3: $\frac{\sqrt3}{2}$ | E3: $\frac{\sqrt2}{2}$ | F3: $\frac{1}{2}$ | G3: $-\frac{\sqrt3}{2}$
A4: cos_rad_03 | B4: trig values sin cos radians | C4: $\cos\left(\frac{\pi}{4}\right)$ | D4: $\frac{\sqrt2}{2}$ | E4: $\frac{\sqrt3}{2}$ | F4: $\frac{1}{2}$ | G4: $-\frac{\sqrt2}{2}$
A5: cos_rad_04 | B5: trig values sin cos radians | C5: $\cos\left(\frac{\pi}{3}\right)$ | D5: $\frac{1}{2}$ | E5: $\frac{\sqrt3}{2}$ | F5: $\frac{\sqrt2}{2}$ | G5: $-\frac{1}{2}$
A6: cos_rad_05 | B6: trig values sin cos radians | C6: $\cos\left(\frac{\pi}{2}\right)$ | D6: $0$ | E6: $1$ | F6: $-1$ | G6: $\frac{1}{2}$
A7: cos_rad_06 | B7: trig values sin cos radians | C7: $\cos\left(\frac{2\pi}{3}\right)$ | D7: $-\frac{1}{2}$ | E7: $-\frac{\sqrt3}{2}$ | F7: $-\frac{\sqrt2}{2}$ | G7: $\frac{1}{2}$
A8: cos_rad_07 | B8: trig values sin cos radians | C8: $\cos\left(\frac{3\pi}{4}\right)$ | D8: $-\frac{\sqrt2}{2}$ | E8: $-\frac{\sqrt3}{2}$ | F8: $-\frac{1}{2}$ | G8: $\frac{\sqrt2}{2}$
A9: cos_rad_08 | B9: trig values sin cos radians | C9: $\cos\left(\frac{5\pi}{6}\right)$ | D9: $-\frac{\sqrt3}{2}$ | E9: $-\frac{\sqrt2}{2}$ | F9: $-\frac{1}{2}$ | G9: $\frac{\sqrt3}{2}$
A10: cos_rad_09 | B10: trig values sin cos radians | C10: $\cos(\pi)$ | D10: $-1$ | E10: $0$ | F10: $1$ | G10: $-\frac{1}{2}$
A11: cos_rad_10 | B11: trig values sin cos radians | C11: $\cos\left(\frac{7\pi}{6}\right)$ | D11: $-\frac{\sqrt3}{2}$ | E11: $-\frac{\sqrt2}{2}$ | F11: $-\frac{1}{2}$ | G11: $\frac{\sqrt3}{2}$
A12: cos_rad_11 | B12: trig values sin cos radians | C12: $\cos\left(\frac{5\pi}{4}\right)$ | D12: $\frac{\sqrt2}{2}$ | E12: $\frac{\sqrt3}{2}$ | F12: $\frac{1}{2}$ | G12: $-\frac{\sqrt2}{2}$
... A35: sin_rad_17 | B35: trig values sin cos radians | C35: $\sin(2\pi)$ | D35: $0$ | E35: $1$ | F35: $-1$ | G35: $\frac{1}{2}$
A36: square_1 | B36: squares and square roots | C36: 1^2 | D36: 1 | E36: 2 | F36: 9 | G36: 4
A37: square_2 | B37: squares and square roots | C37: 2^2 | D37: 4 | E37: 1 | F37: 9 | G37: 16
A38: square_3 | B38: squares and square roots | C38: 3^2 | D38: 9 | E38: 16 | F38: 6 | G38: 1
A39: square_4 | B39: squares and square roots | C39: 4^2 | D39: 16 | E39: 9 | F39: 4 | G39: 8
A40: square_5 | B40: squares and square roots | C40: 5^2 | D40: 25 | E40: 9 | F40: 10 | G40: 16
A41: square_6 | B41: squares and square roots | C41: 6^2 | D41: 36 | E41: 34 | F41: 38 | G41: 16
A42: square_7 | B42: squares and square roots | C42: 7^2 | D42: 49 | E42: 52 | F42: 51 | G42: 81
A43: square_8 | B43: squares and square roots | C43: 8^2 | D43: 64 | E43: 36 | F43: 62 | G43: 61
A44: square_9 | B44: squares and square roots | C44: 9^2 | D44: 81 | E44: 49 | F44: 84 | G44: 82
A45: square_10 | B45: squares and square roots | C45: 10^2 | D45: 100 | E45: 101 | F45: 81 | G45: 103
A46: square_11 | B46: squares and square roots | C46: 11^2 | D46: 121 | E46: 100 | F46: 122 | G46: 123
A47: square_12 | B47: squares and square roots | C47: 12^2 | D47: 144 | E47: 169 | F47: 121 | G47: 100
... A75: sqrt_20 | B75: squares and square roots | C75: sqrt(400) | D75: 20 | E75: 22 | F75: 19 | G75: 21

Sheet export
A1: Tab: | B1: anki
A2: Topic: | B2: squares_and_roots
A4: {=_xlfn._xlws.FILTER(anki!A:C,(cards_master!B:B=B2))} -> #VALUE!

Sheet anki
A1: =cards_master!A2 -> cos_rad_01 | B1: =cards_master!B2 -> trig values sin cos radians | C1: ="\(" & SUBSTITUTE(SUBSTITUTE(SUBSTITUTE(SUBSTITUTE(cards_master!C2,"$",""),"\left(","("),"\right)",")"),"\sqrt{3}","\sqrt3") & "={{c1::" & SUBSTITUTE(SUBSTITUTE(cards_master!D2,"$",""),"\sqrt{3}","\sqrt3") & " }}\)" -> \(\cos(0)={{c1::1 }}\)
A2: =cards_master!A3 -> cos_rad_02 | B2: =cards_master!B3 -> trig values sin cos radians | C2: ="\(" & SUBSTITUTE(SUBSTITUTE(SUBSTITUTE(SUBSTITUTE(cards_master!C3,"$",""),"\left(","("),"\right)",")"),"\sqrt{3}","\sqrt3") & "={{c1::" & SUBSTITUTE(SUBSTITUTE(cards_master!D3,"$",""),"\sqrt{3}","\sqrt3") & " }}\)" -> \(\cos(\frac{\pi}{6})={{c1::\frac{\sqrt3}{2} }}\)
A3: =cards_master!A4 -> cos_rad_03 | B3: =cards_master!B4 -> trig values sin cos radians | C3: ="\(" & SUBSTITUTE(SUBSTITUTE(SUBSTITUTE(SUBSTITUTE(cards_master!C4,"$",""),"\left(","("),"\right)",")"),"\sqrt{3}","\sqrt3") & "={{c1::" & SUBSTITUTE(SUBSTITUTE(cards_master!D4,"$",""),"\sqrt{3}","\sqrt3") & " }}\)" -> \(\cos(\frac{\pi}{4})={{c1::\frac{\sqrt2}{2} }}\)
A4: =cards_master!A5 -> cos_rad_04 | B4: =cards_master!B5 -> trig values sin cos radians | C4: ="\(" & SUBSTITUTE(SUBSTITUTE(SUBSTITUTE(SUBSTITUTE(cards_master!C5,"$",""),"\left(","("),"\right)",")"),"\sqrt{3}","\sqrt3") & "={{c1::" & SUBSTITUTE(SUBSTITUTE(cards_master!D5,"$",""),"\sqrt{3}","\sqrt3") & " }}\)" -> \(\cos(\frac{\pi}{3})={{c1::\frac{1}{2} }}\)
A5: =cards_master!A6 -> cos_rad_05 | B5: =cards_master!B6 -> trig values sin cos radians | C5: ="\(" & SUBSTITUTE(SUBSTITUTE(SUBSTITUTE(SUBSTITUTE(cards_master!C6,"$",""),"\left(","("),"\right)",")"),"\sqrt{3}","\sqrt3") & "={{c1::" & SUBSTITUTE(SUBSTITUTE(cards_master!D6,"$",""),"\sqrt{3}","\sqrt3") & " }}\)" -> \(\cos(\frac{\pi}{2})={{c1::0 }}\)
A6: =cards_master!A7 -> cos_rad_06 | B6: =cards_master!B7 -> trig values sin cos radians | C6: ="\(" & SUBSTITUTE(SUBSTITUTE(SUBSTITUTE(SUBSTITUTE(cards_master!C7,"$",""),"\left(","("),"\right)",")"),"\sqrt{3}","\sqrt3") & "={{c1::" & SUBSTITUTE(SUBSTITUTE(cards_master!D7,"$",""),"\sqrt{3}","\sqrt3") & " }}\)" -> \(\cos(\frac{2\pi}{3})={{c1::-\frac{1}{2} }}\)
A7: =cards_master!A8 -> cos_rad_07 | B7: =cards_master!B8 -> trig values sin cos radians | C7: ="\(" & SUBSTITUTE(SUBSTITUTE(SUBSTITUTE(SUBSTITUTE(cards_master!C8,"$",""),"\left(","("),"\right)",")"),"\sqrt{3}","\sqrt3") & "={{c1::" & SUBSTITUTE(SUBSTITUTE(cards_master!D8,"$",""),"\sqrt{3}","\sqrt3") & " }}\)" -> \(\cos(\frac{3\pi}{4})={{c1::-\frac{\sqrt2}{2} }}\)
A8: =cards_master!A9 -> cos_rad_08 | B8: =cards_master!B9 -> trig values sin cos radians | C8: ="\(" & SUBSTITUTE(SUBSTITUTE(SUBSTITUTE(SUBSTITUTE(cards_master!C9,"$",""),"\left(","("),"\right)",")"),"\sqrt{3}","\sqrt3") & "={{c1::" & SUBSTITUTE(SUBSTITUTE(cards_master!D9,"$",""),"\sqrt{3}","\sqrt3") & " }}\)" -> \(\cos(\frac{5\pi}{6})={{c1::-\frac{\sqrt3}{2} }}\)
A9: =cards_master!A10 -> cos_rad_09 | B9: =cards_master!B10 -> trig values sin cos radians | C9: ="\(" & SUBSTITUTE(SUBSTITUTE(SUBSTITUTE(SUBSTITUTE(cards_master!C10,"$",""),"\left(","("),"\right)",")"),"\sqrt{3}","\sqrt3") & "={{c1::" & SUBSTITUTE(SUBSTITUTE(cards_master!D10,"$",""),"\sqrt{3}","\sqrt3") & " }}\)" -> \(\cos(\pi)={{c1::-1 }}\)
A10: =cards_master!A11 -> cos_rad_10 | B10: =cards_master!B11 -> trig values sin cos radians | C10: ="\(" & SUBSTITUTE(SUBSTITUTE(SUBSTITUTE(SUBSTITUTE(cards_master!C11,"$",""),"\left(","("),"\right)",")"),"\sqrt{3}","\sqrt3") & "={{c1::" & SUBSTITUTE(SUBSTITUTE(cards_master!D11,"$",""),"\sqrt{3}","\sqrt3") & " }}\)" -> \(\cos(\frac{7\pi}{6})={{c1::-\frac{\sqrt3}{2} }}\)
A11: =cards_master!A12 -> cos_rad_11 | B11: =cards_master!B12 -> trig values sin cos radians | C11: ="\(" & SUBSTITUTE(SUBSTITUTE(SUBSTITUTE(SUBSTITUTE(cards_master!C12,"$",""),"\left(","("),"\right)",")"),"\sqrt{3}","\sqrt3") & "={{c1::" & SUBSTITUTE(SUBSTITUTE(cards_master!D12,"$",""),"\sqrt{3}","\sqrt3") & " }}\)" -> \(\cos(\frac{5\pi}{4})={{c1::\frac{\sqrt2}{2} }}\)
A12: =cards_master!A13 -> cos_rad_12 | B12: =cards_master!B13 -> trig values sin cos radians | C12: ="\(" & SUBSTITUTE(SUBSTITUTE(SUBSTITUTE(SUBSTITUTE(cards_master!C13,"$",""),"\left(","("),"\right)",")"),"\sqrt{3}","\sqrt3") & "={{c1::" & SUBSTITUTE(SUBSTITUTE(cards_master!D13,"$",""),"\sqrt{3}","\sqrt3") & " }}\)" -> \(\cos(\frac{4\pi}{3})={{c1::-\frac{1}{2} }}\)
... A34: =cards_master!A35 -> sin_rad_17 | B34: =cards_master!B35 -> trig values sin cos radians | C34: ="\(" & SUBSTITUTE(SUBSTITUTE(SUBSTITUTE(SUBSTITUTE(cards_master!C35,"$",""),"\left(","("),"\right)",")"),"\sqrt{3}","\sqrt3") & "={{c1::" & SUBSTITUTE(SUBSTITUTE(cards_master!D35,"$",""),"\sqrt{3}","\sqrt3") & " }}\)" -> \(\sin(2\pi)={{c1::0 }}\)
A35: =cards_master!A36 -> square_1 | B35: =cards_master!B36 -> squares and square roots | C35: ="\("&cards_master!C36&"\)"&" = {{c1::"&"\("&cards_master!D36&"\)}}" -> \(1^2\) = {{c1::\(1\)}}
A36: =cards_master!A37 -> square_2 | B36: =cards_master!B37 -> squares and square roots | C36: ="\("&cards_master!C37&"\)"&" = {{c1::"&"\("&cards_master!D37&"\)}}" -> \(2^2\) = {{c1::\(4\)}}
A37: =cards_master!A38 -> square_3 | B37: =cards_master!B38 -> squares and square roots | C37: ="\("&cards_master!C38&"\)"&" = {{c1::"&"\("&cards_master!D38&"\)}}" -> \(3^2\) = {{c1::\(9\)}}
A38: =cards_master!A39 -> square_4 | B38: =cards_master!B39 -> squares and square roots | C38: ="\("&cards_master!C39&"\)"&" = {{c1::"&"\("&cards_master!D39&"\)}}" -> \(4^2\) = {{c1::\(16\)}}
A39: =cards_master!A40 -> square_5 | B39: =cards_master!B40 -> squares and square roots | C39: ="\("&cards_master!C40&"\)"&" = {{c1::"&"\("&cards_master!D40&"\)}}" -> \(5^2\) = {{c1::\(25\)}}
A40: =cards_master!A41 -> square_6 | B40: =cards_master!B41 -> squares and square roots | C40: ="\("&cards_master!C41&"\)"&" = {{c1::"&"\("&cards_master!D41&"\)}}" -> \(6^2\) = {{c1::\(36\)}}
A41: =cards_master!A42 -> square_7 | B41: =cards_master!B42 -> squares and square roots | C41: ="\("&cards_master!C42&"\)"&" = {{c1::"&"\("&cards_master!D42&"\)}}" -> \(7^2\) = {{c1::\(49\)}}
A42: =cards_master!A43 -> square_8 | B42: =cards_master!B43 -> squares and square roots | C42: ="\("&cards_master!C43&"\)"&" = {{c1::"&"\("&cards_master!D43&"\)}}" -> \(8^2\) = {{c1::\(64\)}}
A43: =cards_master!A44 -> square_9 | B43: =cards_master!B44 -> squares and square roots | C43: ="\("&cards_master!C44&"\)"&" = {{c1::"&"\("&cards_master!D44&"\)}}" -> \(9^2\) = {{c1::\(81\)}}
A44: =cards_master!A45 -> square_10 | B44: =cards_master!B45 -> squares and square roots | C44: ="\("&cards_master!C45&"\)"&" = {{c1::"&"\("&cards_master!D45&"\)}}" -> \(10^2\) = {{c1::\(100\)}}
A45: =cards_master!A46 -> square_11 | B45: =cards_master!B46 -> squares and square roots | C45: ="\("&cards_master!C46&"\)"&" = {{c1::"&"\("&cards_master!D46&"\)}}" -> \(11^2\) = {{c1::\(121\)}}
A46: =cards_master!A47 -> square_12 | B46: =cards_master!B47 -> squares and square roots | C46: ="\("&cards_master!C47&"\)"&" = {{c1::"&"\("&cards_master!D47&"\)}}" -> \(12^2\) = {{c1::\(144\)}}
... A74: =cards_master!A75 -> sqrt_20 | B74: =cards_master!B75 -> squares and square roots | C74: ="\("&cards_master!C75&"\)"&" = {{c1::"&"\("&cards_master!D75&"\)}}" -> \(sqrt(400)\) = {{c1::\(20\)}}

Sheet blooket

Sheet quizlet

Sheet gimkit
